id;feature_id;mz;rt;intensity;fwhm;z;source
0;0;505.98672;15.37m;23400000.00;16.20;1;example1.mzXML
1;0;506.99009;15.37m;23400000.00;16.20;1;example1.mzXML
2;0;507.99120;15.37m;23400000.00;16.20;1;example1.mzXML
3;1;332.05748;13.18m;13600000.00;16.80;0;example1.mzXML
4;2;615.72842;15.71m;4560000.00;13.80;2;example1.mzXML
5;2;616.23003;15.71m;4560000.00;13.80;2;example1.mzXML
6;2;616.73102;15.71m;4560000.00;13.80;2;example1.mzXML
7;3;372.08195;13.14m;12900000.00;16.20;0;example1.mzXML
8;4;580.09612;13.65m;11400000.00;15.60;0;example1.mzXML
9;5;265.04169;12.81m;10700000.00;16.80;0;example1.mzXML
10;6;259.02161;12.83m;9560000.00;17.40;1;example1.mzXML
11;6;260.02489;12.83m;9560000.00;17.40;1;example1.mzXML
12;7;565.04581;13.65m;9020000.00;15.60;1;example1.mzXML
13;7;566.04913;13.65m;9020000.00;15.60;1;example1.mzXML
14;7;567.05036;13.65m;9020000.00;15.60;1;example1.mzXML
15;8;623.12925;13.72m;9580000.00;16.80;0;example1.mzXML
16;9;482.95961;15.21m;8710000.00;17.40;1;example1.mzXML
17;9;483.96298;15.21m;8710000.00;17.40;1;example1.mzXML
18;10;595.66138;15.71m;6710000.00;14.40;2;example1.mzXML
19;10;596.16302;15.71m;6710000.00;14.40;2;example1.mzXML
20;10;596.66428;15.71m;6710000.00;14.40;2;example1.mzXML
21;11;550.13375;16.10m;1940000.00;16.80;2;example1.mzXML
22;11;550.63436;16.10m;1940000.00;16.80;2;example1.mzXML
23;12;611.14258;13.52m;7710000.00;13.20;1;example1.mzXML
24;12;612.14629;13.52m;7710000.00;13.20;1;example1.mzXML
25;13;331.07344;13.04m;7960000.00;15.60;0;example1.mzXML
26;14;421.07361;12.96m;7360000.00;16.80;1;example1.mzXML
27;14;422.07684;12.96m;7360000.00;16.80;1;example1.mzXML
28;15;228.16005;18.28m;7380000.00;15.00;1;example1.mzXML
29;15;229.16336;18.28m;7380000.00;15.00;1;example1.mzXML
30;16;491.98967;15.21m;7500000.00;11.40;0;example1.mzXML
31;17;412.02351;14.62m;7450000.00;15.00;0;example1.mzXML
32;18;547.07159;14.00m;6290000.00;13.20;1;example1.mzXML
33;18;548.07596;14.00m;6290000.00;13.20;1;example1.mzXML
34;19;242.17560;19.53m;6450000.00;13.80;1;example1.mzXML
35;19;243.17890;19.53m;6450000.00;13.80;1;example1.mzXML
36;20;631.20971;13.52m;6740000.00;13.20;0;example1.mzXML
37;21;257.50656;15.35m;6580000.00;16.20;0;example1.mzXML
38;22;402.99340;14.62m;6190000.00;13.80;1;example1.mzXML
39;22;403.99655;14.62m;6190000.00;13.80;1;example1.mzXML
40;23;532.01513;15.11m;6460000.00;16.80;0;example1.mzXML
41;24;606.07227;13.72m;5450000.00;15.60;1;example1.mzXML
42;24;607.07574;13.72m;5450000.00;15.60;1;example1.mzXML
43;25;521.98151;15.11m;5510000.00;14.40;1;example1.mzXML
44;25;522.98503;15.11m;5510000.00;14.40;1;example1.mzXML
45;26;214.14447;16.94m;4850000.00;13.20;1;example1.mzXML
46;26;215.14778;16.94m;4850000.00;13.20;1;example1.mzXML
47;27;252.48984;15.35m;4830000.00;14.40;2;example1.mzXML
48;27;252.99150;15.35m;4830000.00;14.40;2;example1.mzXML
49;28;594.07547;15.08m;5050000.00;15.60;0;example1.mzXML
50;29;505.98598;15.37m;4850000.00;17.40;0;example1.mzXML
51;30;292.89389;13.64m;4470000.00;7.80;1;example1.mzXML
52;30;293.89318;13.64m;4470000.00;7.80;1;example1.mzXML
53;30;294.89805;13.64m;4470000.00;7.80;1;example1.mzXML
54;31;452.04874;14.57m;4450000.00;13.20;0;example1.mzXML
55;32;433.11366;12.96m;4260000.00;13.80;0;example1.mzXML
56;33;491.00597;15.16m;4100000.00;15.60;0;example1.mzXML
57;34;216.85327;12.93m;3750000.00;24.00;1;example1.mzXML
58;34;217.85341;12.93m;3750000.00;24.00;1;example1.mzXML
59;34;218.85158;12.93m;3750000.00;24.00;1;example1.mzXML
60;35;411.03948;14.60m;3950000.00;14.40;0;example1.mzXML
61;36;442.01522;14.58m;3500000.00;14.40;1;example1.mzXML
62;36;443.01854;14.58m;3500000.00;14.40;1;example1.mzXML
63;37;410.48394;15.71m;3590000.00;15.60;0;example1.mzXML
64;38;579.02525;15.08m;3430000.00;13.80;0;example1.mzXML
65;39;311.06082;13.70m;3380000.00;14.40;0;example1.mzXML
66;40;454.05932;13.65m;3330000.00;14.40;0;example1.mzXML
67;41;403.55398;16.36m;2660000.00;13.80;2;example1.mzXML
68;41;404.05570;16.36m;2660000.00;13.80;2;example1.mzXML
69;42;364.96636;12.84m;2870000.00;16.20;0;example1.mzXML
70;43;515.01684;15.35m;2800000.00;15.60;0;example1.mzXML
71;44;210.90420;13.82m;2780000.00;16.80;0;example1.mzXML
72;45;358.94628;12.84m;2560000.00;16.20;0;example1.mzXML
73;46;289.54431;13.67m;2500000.00;14.40;0;example1.mzXML
74;47;305.06748;13.54m;2270000.00;13.20;2;example1.mzXML
75;47;305.56917;13.54m;2270000.00;13.20;2;example1.mzXML
76;48;563.12517;14.02m;2460000.00;14.40;0;example1.mzXML
77;49;481.97562;15.17m;2420000.00;16.20;0;example1.mzXML
78;50;346.05451;14.78m;2400000.00;13.80;0;example1.mzXML
79;51;366.75360;16.12m;2320000.00;15.00;0;example1.mzXML
80;52;346.05444;13.60m;2120000.00;16.80;1;example1.mzXML
81;52;347.05730;13.60m;2120000.00;16.80;1;example1.mzXML
82;53;396.77152;15.71m;1720000.00;15.60;3;example1.mzXML
83;53;397.10599;15.71m;1720000.00;15.60;3;example1.mzXML
84;54;254.69695;16.35m;1890000.00;12.60;3;example1.mzXML
85;54;255.03148;16.35m;1890000.00;12.60;3;example1.mzXML
86;55;225.06156;17.63m;2010000.00;16.80;1;example1.mzXML
87;55;226.06484;17.63m;2010000.00;16.80;1;example1.mzXML
88;55;227.05830;17.63m;2010000.00;16.80;1;example1.mzXML
89;56;435.05077;14.80m;2060000.00;15.00;0;example1.mzXML
90;57;315.10101;13.52m;2030000.00;13.20;0;example1.mzXML
91;58;427.02390;14.80m;1780000.00;15.00;1;example1.mzXML
92;58;428.02487;14.80m;1780000.00;15.00;1;example1.mzXML
93;59;307.61124;15.69m;1930000.00;15.60;0;example1.mzXML
94;60;227.17609;19.44m;1770000.00;19.80;1;example1.mzXML
95;60;228.17939;19.44m;1770000.00;19.80;1;example1.mzXML
96;61;552.02275;13.59m;1850000.00;9.60;0;example1.mzXML
97;62;282.01911;13.67m;1840000.00;13.80;0;example1.mzXML
98;63;423.08999;16.58m;1830000.00;12.00;0;example1.mzXML
99;64;472.00753;13.13m;1800000.00;13.80;0;example1.mzXML
100;65;243.02677;13.13m;1770000.00;15.00;0;example1.mzXML
101;66;213.96343;16.22m;1710000.00;14.40;1;example1.mzXML
102;66;214.96671;16.22m;1710000.00;14.40;1;example1.mzXML
103;67;274.81357;16.14m;1740000.00;13.80;0;example1.mzXML
104;68;579.09258;13.65m;1720000.00;14.40;0;example1.mzXML
105;69;302.53232;13.72m;1710000.00;13.80;0;example1.mzXML
106;70;431.98220;13.16m;1570000.00;16.20;0;example1.mzXML
107;71;415.09252;16.36m;1520000.00;15.60;0;example1.mzXML
108;72;535.08241;16.14m;1510000.00;15.00;0;example1.mzXML
109;73;282.00417;13.92m;1510000.00;13.80;0;example1.mzXML
110;74;317.02974;14.86m;1500000.00;12.00;0;example1.mzXML
111;75;452.04894;15.11m;1490000.00;16.80;0;example1.mzXML
112;76;220.10093;19.91m;1430000.00;14.40;0;example1.mzXML
113;77;296.05543;12.88m;1430000.00;15.00;0;example1.mzXML
114;78;412.02362;15.19m;1420000.00;16.20;0;example1.mzXML
115;79;520.99852;12.94m;1400000.00;13.80;0;example1.mzXML
116;80;296.81901;12.88m;1310000.00;27.60;1;example1.mzXML
117;80;297.81920;12.88m;1310000.00;27.60;1;example1.mzXML
118;81;240.97628;15.22m;1380000.00;15.60;0;example1.mzXML
119;82;430.99822;13.04m;1380000.00;15.60;0;example1.mzXML
120;83;576.07477;13.62m;1370000.00;6.60;0;example1.mzXML
121;84;388.04065;15.11m;1360000.00;12.60;0;example1.mzXML
122;85;245.49137;15.22m;1360000.00;15.60;0;example1.mzXML
123;86;402.00940;14.60m;1250000.00;14.40;1;example1.mzXML
124;86;403.00979;14.60m;1250000.00;14.40;1;example1.mzXML
125;87;402.99339;15.21m;1330000.00;15.60;0;example1.mzXML
126;88;538.00201;15.35m;1310000.00;15.60;0;example1.mzXML
127;89;442.01544;15.11m;1310000.00;16.80;0;example1.mzXML
128;90;410.14949;15.71m;1300000.00;14.40;0;example1.mzXML
129;91;261.72034;16.35m;1290000.00;15.00;0;example1.mzXML
130;92;630.20634;13.51m;1280000.00;11.40;0;example1.mzXML
131;93;622.12591;13.72m;1280000.00;15.60;0;example1.mzXML
132;94;261.05413;16.56m;1270000.00;13.20;0;example1.mzXML
133;95;213.05533;17.54m;1190000.00;16.80;1;example1.mzXML
134;95;214.05870;17.54m;1190000.00;16.80;1;example1.mzXML
135;96;549.08096;13.70m;1240000.00;16.80;0;example1.mzXML
136;97;371.07932;13.16m;1220000.00;16.20;0;example1.mzXML
137;98;579.20653;15.71m;1190000.00;16.80;0;example1.mzXML
138;99;444.68069;16.22m;1160000.00;14.40;0;example1.mzXML
139;100;289.03200;12.86m;1160000.00;14.40;0;example1.mzXML
140;101;527.96846;15.37m;1130000.00;17.40;0;example1.mzXML
141;102;277.90715;19.46m;1080000.00;17.40;1;example1.mzXML
142;102;278.90944;19.46m;1080000.00;17.40;1;example1.mzXML
143;102;279.90293;19.46m;1080000.00;17.40;1;example1.mzXML
144;103;246.93555;13.80m;422000.00;13.80;1;example1.mzXML
145;103;247.93751;13.80m;422000.00;13.80;1;example1.mzXML
146;103;248.93819;13.80m;422000.00;13.80;1;example1.mzXML
147;104;331.05436;13.19m;1120000.00;16.20;0;example1.mzXML
148;105;281.03658;14.67m;1120000.00;15.00;0;example1.mzXML
149;106;309.50541;14.88m;1110000.00;13.20;0;example1.mzXML
150;107;392.57983;16.90m;1100000.00;13.20;0;example1.mzXML
151;108;357.13984;19.69m;1010000.00;19.80;1;example1.mzXML
152;108;358.14312;19.69m;1010000.00;19.80;1;example1.mzXML
153;108;359.13170;19.69m;1010000.00;19.80;1;example1.mzXML
154;109;533.03878;12.94m;1050000.00;16.80;0;example1.mzXML
155;110;354.06680;15.69m;1030000.00;14.40;0;example1.mzXML
156;111;276.98741;13.92m;1010000.00;13.80;0;example1.mzXML
157;112;311.18541;18.51m;1010000.00;13.20;0;example1.mzXML
158;113;314.77097;15.25m;996000.00;36.60;0;example1.mzXML
159;114;430.03399;13.19m;958000.00;17.40;0;example1.mzXML
160;115;296.53403;15.05m;955000.00;9.60;0;example1.mzXML
161;116;313.04307;13.03m;946000.00;18.00;0;example1.mzXML
162;117;483.13963;12.72m;946000.00;13.20;0;example1.mzXML
163;118;380.01390;15.08m;911000.00;7.80;1;example1.mzXML
164;118;381.01751;15.08m;911000.00;7.80;1;example1.mzXML
165;119;296.11825;16.22m;922000.00;17.40;0;example1.mzXML
166;120;332.05752;14.62m;909000.00;16.20;0;example1.mzXML
167;121;339.14549;16.20m;893000.00;15.60;0;example1.mzXML
168;122;321.07014;12.98m;892000.00;13.20;0;example1.mzXML
169;123;534.03056;14.75m;890000.00;16.80;0;example1.mzXML
170;124;297.32695;15.71m;873000.00;13.80;0;example1.mzXML
171;125;480.98035;15.30m;870000.00;18.00;0;example1.mzXML
172;126;333.07570;19.71m;770000.00;16.20;1;example1.mzXML
173;126;334.07883;19.71m;770000.00;16.20;1;example1.mzXML
174;127;411.04762;14.73m;855000.00;18.00;0;example1.mzXML
175;128;316.77786;12.91m;775000.00;22.20;1;example1.mzXML
176;128;317.77792;12.91m;775000.00;22.20;1;example1.mzXML
177;129;638.02905;15.61m;840000.00;12.60;0;example1.mzXML
178;130;525.07017;12.81m;813000.00;10.20;1;example1.mzXML
179;130;526.07351;12.81m;813000.00;10.20;1;example1.mzXML
180;131;313.99387;15.17m;818000.00;16.20;0;example1.mzXML
181;132;470.05928;13.16m;814000.00;16.80;0;example1.mzXML
182;133;615.22689;15.71m;808000.00;12.60;0;example1.mzXML
183;134;307.36041;15.71m;806000.00;15.60;0;example1.mzXML
184;135;411.03959;15.16m;795000.00;16.20;0;example1.mzXML
185;136;535.03527;13.70m;787000.00;15.60;0;example1.mzXML
186;137;363.01800;12.81m;783000.00;15.60;0;example1.mzXML
187;138;348.57616;15.13m;779000.00;12.60;0;example1.mzXML
188;139;355.08453;13.62m;774000.00;15.60;0;example1.mzXML
189;140;613.99707;15.37m;768000.00;16.20;0;example1.mzXML
190;141;356.99791;12.81m;764000.00;15.60;0;example1.mzXML
191;142;338.98760;15.13m;763000.00;13.80;0;example1.mzXML
192;143;345.00765;15.08m;763000.00;9.60;0;example1.mzXML
193;144;553.97603;15.37m;758000.00;15.60;0;example1.mzXML
194;145;590.07717;13.78m;749000.00;15.00;0;example1.mzXML
195;146;244.99935;15.16m;748000.00;17.40;0;example1.mzXML
196;147;519.05014;12.88m;746000.00;16.80;0;example1.mzXML
197;148;464.89126;12.84m;738000.00;18.60;0;example1.mzXML
198;149;410.56184;16.85m;723000.00;14.40;0;example1.mzXML
199;150;308.07469;13.03m;722000.00;15.00;0;example1.mzXML
200;151;352.99540;13.64m;646000.00;13.80;1;example1.mzXML
201;151;353.99547;13.64m;646000.00;13.80;1;example1.mzXML
202;151;354.99234;13.64m;646000.00;13.80;1;example1.mzXML
203;152;523.99687;14.80m;714000.00;18.00;0;example1.mzXML
204;153;426.01889;14.67m;712000.00;3.00;0;example1.mzXML
205;154;293.91962;14.52m;711000.00;14.40;0;example1.mzXML
206;155;264.03829;12.83m;702000.00;15.60;0;example1.mzXML
207;156;444.02173;13.60m;694000.00;15.60;0;example1.mzXML
208;157;481.12412;13.59m;688000.00;12.60;0;example1.mzXML
209;158;579.12002;13.98m;684000.00;15.00;0;example1.mzXML
210;159;531.09002;12.86m;679000.00;17.40;0;example1.mzXML
211;160;430.08787;13.04m;677000.00;15.60;0;example1.mzXML
212;161;603.96350;15.37m;677000.00;19.20;0;example1.mzXML
213;162;330.07016;13.06m;675000.00;15.60;0;example1.mzXML
214;163;458.87117;12.86m;675000.00;19.20;0;example1.mzXML
215;164;558.34874;19.96m;596000.00;18.60;1;example1.mzXML
216;164;559.35222;19.96m;596000.00;18.60;1;example1.mzXML
217;165;543.94241;15.38m;669000.00;19.20;0;example1.mzXML
218;166;366.41913;16.12m;668000.00;12.60;0;example1.mzXML
219;167;261.72035;16.87m;661000.00;14.40;0;example1.mzXML
220;168;401.01359;14.70m;654000.00;12.00;0;example1.mzXML
221;169;253.14390;20.20m;599000.00;4.20;1;example1.mzXML
222;169;254.14727;20.20m;599000.00;4.20;1;example1.mzXML
223;169;255.14855;20.20m;599000.00;4.20;1;example1.mzXML
224;170;496.43024;15.37m;646000.00;30.00;0;example1.mzXML
225;171;435.05073;15.35m;646000.00;17.40;0;example1.mzXML
226;172;289.00890;15.05m;639000.00;9.00;0;example1.mzXML
227;173;224.86564;14.32m;638000.00;7.80;0;example1.mzXML
228;174;308.97717;15.21m;632000.00;12.60;0;example1.mzXML
229;175;230.86881;12.93m;574000.00;21.00;1;example1.mzXML
230;175;231.86898;12.93m;574000.00;21.00;1;example1.mzXML
231;176;297.16989;19.44m;600000.00;12.00;0;example1.mzXML
232;177;627.22096;15.71m;597000.00;16.80;0;example1.mzXML
233;178;249.04686;13.13m;585000.00;16.20;0;example1.mzXML
234;179;405.11507;15.48m;583000.00;7.80;0;example1.mzXML
235;180;427.12257;16.20m;578000.00;17.40;0;example1.mzXML
236;181;429.04921;13.04m;573000.00;18.00;0;example1.mzXML
237;182;472.15266;15.69m;571000.00;16.80;0;example1.mzXML
238;183;558.06233;13.98m;558000.00;17.40;0;example1.mzXML
239;184;294.88957;13.67m;555000.00;9.00;0;example1.mzXML
240;185;300.04786;13.03m;554000.00;16.80;0;example1.mzXML
241;186;310.55900;13.70m;553000.00;16.80;0;example1.mzXML
242;187;245.93521;17.77m;535000.00;12.60;1;example1.mzXML
243;187;246.93839;17.77m;535000.00;12.60;1;example1.mzXML
244;188;518.02432;15.37m;551000.00;10.80;0;example1.mzXML
245;189;265.02392;14.50m;547000.00;16.80;0;example1.mzXML
246;190;613.13855;13.52m;494000.00;7.20;1;example1.mzXML
247;190;614.14168;13.52m;494000.00;7.20;1;example1.mzXML
248;191;490.98654;15.21m;544000.00;16.20;0;example1.mzXML
249;192;257.00486;15.35m;544000.00;14.40;0;example1.mzXML
250;193;489.99870;15.19m;540000.00;31.20;0;example1.mzXML
251;194;455.09567;15.72m;539000.00;20.40;0;example1.mzXML
252;195;496.43701;16.22m;537000.00;32.40;0;example1.mzXML
253;196;331.07347;14.60m;535000.00;16.20;0;example1.mzXML
254;197;412.09455;13.85m;511000.00;6.00;1;example1.mzXML
255;197;413.09821;13.85m;511000.00;6.00;1;example1.mzXML
256;197;414.09040;13.85m;511000.00;6.00;1;example1.mzXML
257;198;273.03212;14.00m;527000.00;15.00;0;example1.mzXML
258;199;411.55139;16.56m;451000.00;7.20;2;example1.mzXML
259;199;412.05381;16.56m;451000.00;7.20;2;example1.mzXML
260;199;412.55196;16.56m;451000.00;7.20;2;example1.mzXML
261;200;210.14965;18.79m;521000.00;15.60;0;example1.mzXML
262;201;496.44100;15.29m;518000.00;27.00;0;example1.mzXML
263;202;427.02390;15.35m;517000.00;17.40;0;example1.mzXML
264;203;580.02873;15.03m;442000.00;9.00;1;example1.mzXML
265;203;581.02980;15.03m;442000.00;9.00;1;example1.mzXML
266;204;309.16973;18.08m;507000.00;15.00;0;example1.mzXML
267;205;496.43288;13.70m;506000.00;36.00;0;example1.mzXML
268;206;343.25898;18.66m;504000.00;16.20;0;example1.mzXML
269;207;496.42490;15.24m;503000.00;24.00;0;example1.mzXML
270;208;411.02030;14.62m;496000.00;13.80;0;example1.mzXML
271;209;314.76384;13.73m;491000.00;28.80;0;example1.mzXML
272;210;356.38567;16.09m;409000.00;7.80;3;example1.mzXML
273;210;356.72036;16.09m;409000.00;7.80;3;example1.mzXML
274;210;357.05272;16.09m;409000.00;7.80;3;example1.mzXML
275;211;617.23205;15.68m;479000.00;6.60;0;example1.mzXML
276;212;593.07211;15.06m;478000.00;7.80;0;example1.mzXML
277;213;392.32906;16.90m;475000.00;14.40;0;example1.mzXML
278;214;396.06517;13.65m;474000.00;15.60;0;example1.mzXML
279;215;332.05761;15.19m;473000.00;19.20;0;example1.mzXML
280;216;284.08945;14.05m;468000.00;16.20;0;example1.mzXML
281;217;523.77581;16.89m;464000.00;13.20;0;example1.mzXML
282;218;383.10562;14.63m;462000.00;15.00;0;example1.mzXML
283;219;250.94161;13.82m;461000.00;15.60;0;example1.mzXML
284;220;254.69694;16.83m;459000.00;12.00;0;example1.mzXML
285;221;458.03580;14.76m;453000.00;9.00;0;example1.mzXML
286;222;632.20496;13.51m;61200.00;6.00;1;example1.mzXML
287;222;633.20532;13.51m;61200.00;6.00;1;example1.mzXML
288;223;496.43136;13.01m;446000.00;36.60;0;example1.mzXML
289;224;221.83705;16.18m;443000.00;13.80;0;example1.mzXML
290;225;216.90896;13.60m;440000.00;13.80;0;example1.mzXML
291;226;323.02734;13.18m;434000.00;15.00;0;example1.mzXML
292;227;382.54876;16.20m;427000.00;15.60;0;example1.mzXML
293;228;322.04330;13.06m;417000.00;16.80;0;example1.mzXML
294;229;314.76145;13.06m;416000.00;32.40;0;example1.mzXML
295;230;314.59935;13.56m;414000.00;18.00;0;example1.mzXML
296;231;357.23822;17.09m;410000.00;15.60;0;example1.mzXML
297;232;314.87555;13.67m;408000.00;12.00;0;example1.mzXML
298;233;234.02795;13.21m;406000.00;16.20;0;example1.mzXML
299;234;531.01165;15.13m;405000.00;12.00;0;example1.mzXML
300;235;402.00932;15.16m;396000.00;16.20;0;example1.mzXML
301;236;232.04872;15.11m;396000.00;13.80;0;example1.mzXML
302;237;389.59444;13.98m;396000.00;17.40;0;example1.mzXML
303;238;250.99886;12.18m;396000.00;27.00;0;example1.mzXML
304;239;470.03215;13.85m;395000.00;9.00;0;example1.mzXML
305;240;465.98081;15.17m;393000.00;9.60;0;example1.mzXML
306;241;414.59039;16.35m;391000.00;13.80;0;example1.mzXML
307;242;275.01642;14.65m;391000.00;15.00;0;example1.mzXML
308;243;643.11462;13.98m;387000.00;27.60;0;example1.mzXML
309;244;218.03318;13.26m;386000.00;8.40;0;example1.mzXML
310;245;207.13880;19.67m;386000.00;21.60;0;example1.mzXML
311;246;225.52105;14.60m;378000.00;15.00;0;example1.mzXML
312;247;332.05753;13.95m;375000.00;36.00;0;example1.mzXML
313;248;381.06425;14.84m;372000.00;7.80;0;example1.mzXML
314;249;432.11033;12.98m;372000.00;15.00;0;example1.mzXML
315;250;542.18292;15.68m;371000.00;12.60;0;example1.mzXML
316;251;388.94314;15.61m;369000.00;7.20;0;example1.mzXML
317;252;425.21352;13.29m;365000.00;10.20;0;example1.mzXML
318;253;491.01312;15.25m;362000.00;3.60;0;example1.mzXML
319;254;517.01726;15.32m;362000.00;12.60;0;example1.mzXML
320;255;213.96334;14.14m;362000.00;31.20;0;example1.mzXML
321;256;513.97130;15.21m;360000.00;14.40;0;example1.mzXML
322;257;284.41247;16.22m;358000.00;18.60;0;example1.mzXML
323;258;314.76908;16.68m;356000.00;32.40;0;example1.mzXML
324;259;363.96298;12.86m;130000.00;9.00;1;example1.mzXML
325;259;364.95556;12.86m;130000.00;9.00;1;example1.mzXML
326;259;365.96647;12.86m;130000.00;9.00;1;example1.mzXML
327;260;444.17913;16.20m;350000.00;6.60;0;example1.mzXML
328;261;260.48728;15.16m;349000.00;13.80;0;example1.mzXML
329;262;227.12846;19.21m;343000.00;20.40;0;example1.mzXML
330;263;227.17604;18.64m;342000.00;15.60;0;example1.mzXML
331;264;504.94143;15.21m;341000.00;14.40;0;example1.mzXML
332;265;236.07785;18.86m;340000.00;18.00;0;example1.mzXML
333;266;578.70508;15.68m;289000.00;7.80;1;example1.mzXML
334;266;579.70278;15.68m;289000.00;7.80;1;example1.mzXML
335;267;372.06861;14.67m;338000.00;19.80;0;example1.mzXML
336;268;215.12850;16.77m;338000.00;10.20;0;example1.mzXML
337;269;530.92317;12.99m;308000.00;10.20;1;example1.mzXML
338;269;531.92364;12.99m;308000.00;10.20;1;example1.mzXML
339;270;573.11269;14.02m;336000.00;18.60;0;example1.mzXML
340;271;288.37253;16.15m;336000.00;13.80;0;example1.mzXML
341;272;314.75662;14.75m;336000.00;18.00;0;example1.mzXML
342;273;541.98868;13.59m;334000.00;6.60;0;example1.mzXML
343;274;448.00224;14.78m;334000.00;9.00;0;example1.mzXML
344;275;392.07602;16.89m;334000.00;17.40;0;example1.mzXML
345;276;281.06920;16.99m;334000.00;14.40;0;example1.mzXML
346;277;496.42046;13.62m;331000.00;28.80;0;example1.mzXML
347;278;395.98013;12.86m;321000.00;9.00;1;example1.mzXML
348;278;396.98001;12.86m;321000.00;9.00;1;example1.mzXML
349;279;376.99728;14.50m;328000.00;6.60;0;example1.mzXML
350;280;314.75714;13.09m;327000.00;27.00;0;example1.mzXML
351;281;286.12878;19.33m;325000.00;16.80;0;example1.mzXML
352;282;422.58823;16.53m;323000.00;6.00;0;example1.mzXML
353;283;264.15953;19.51m;322000.00;15.00;0;example1.mzXML
354;284;346.05446;15.37m;322000.00;18.00;0;example1.mzXML
355;285;257.17509;19.58m;321000.00;26.40;0;example1.mzXML
356;286;562.12177;14.00m;320000.00;14.40;0;example1.mzXML
357;287;535.58392;16.10m;319000.00;6.00;0;example1.mzXML
358;288;213.96341;15.01m;319000.00;7.80;0;example1.mzXML
359;289;438.05805;14.75m;318000.00;9.00;0;example1.mzXML
360;290;566.62026;16.23m;318000.00;7.80;0;example1.mzXML
361;291;561.12369;16.10m;75100.00;6.60;2;example1.mzXML
362;291;561.62517;16.10m;75100.00;6.60;2;example1.mzXML
363;292;338.54276;15.13m;317000.00;6.00;0;example1.mzXML
364;293;364.72641;15.72m;314000.00;26.40;0;example1.mzXML
365;294;314.75537;13.18m;313000.00;31.20;0;example1.mzXML
366;295;353.56579;16.58m;312000.00;25.80;0;example1.mzXML
367;296;445.68844;16.15m;312000.00;10.80;0;example1.mzXML
368;297;462.94284;12.79m;312000.00;11.40;0;example1.mzXML
369;298;355.08469;14.78m;309000.00;18.00;0;example1.mzXML
370;299;364.72563;13.64m;308000.00;33.60;0;example1.mzXML
371;300;214.85883;12.94m;308000.00;21.00;0;example1.mzXML
372;301;582.10022;13.65m;307000.00;15.60;0;example1.mzXML
373;302;410.03765;14.58m;305000.00;10.80;0;example1.mzXML
374;303;357.06867;13.19m;303000.00;13.80;0;example1.mzXML
375;304;240.48430;15.16m;301000.00;8.40;0;example1.mzXML
376;305;229.14402;17.74m;301000.00;15.00;0;example1.mzXML
377;306;213.01646;13.28m;296000.00;8.40;0;example1.mzXML
378;307;551.63267;16.07m;296000.00;6.00;0;example1.mzXML
379;308;232.88413;13.56m;294000.00;13.80;0;example1.mzXML
380;309;229.01120;13.23m;293000.00;20.40;0;example1.mzXML
381;310;437.05420;14.73m;293000.00;15.00;0;example1.mzXML
382;311;382.07205;15.66m;293000.00;9.00;0;example1.mzXML
383;312;239.12838;19.76m;292000.00;16.20;0;example1.mzXML
384;313;388.95661;12.86m;287000.00;10.20;0;example1.mzXML
385;314;354.03920;13.19m;286000.00;19.20;0;example1.mzXML
386;315;227.12839;17.28m;284000.00;14.40;0;example1.mzXML
387;316;236.09571;20.04m;283000.00;7.80;0;example1.mzXML
388;317;314.78303;15.71m;283000.00;14.40;0;example1.mzXML
389;318;325.89153;15.80m;278000.00;23.40;0;example1.mzXML
390;319;370.52900;14.86m;276000.00;7.80;0;example1.mzXML
391;320;245.93519;15.85m;275000.00;24.60;0;example1.mzXML
392;321;292.92235;12.10m;272000.00;10.20;0;example1.mzXML
393;322;456.92278;12.81m;263000.00;10.20;1;example1.mzXML
394;322;457.92250;12.81m;263000.00;10.20;1;example1.mzXML
395;323;422.60199;16.82m;269000.00;7.20;0;example1.mzXML
396;324;253.14383;17.99m;269000.00;19.20;0;example1.mzXML
397;325;290.96660;14.70m;269000.00;12.60;0;example1.mzXML
398;326;275.08758;13.49m;268000.00;6.00;0;example1.mzXML
399;327;270.16584;13.29m;267000.00;9.60;0;example1.mzXML
400;328;500.02568;15.38m;267000.00;8.40;0;example1.mzXML
401;329;230.13921;15.24m;266000.00;24.00;0;example1.mzXML
402;330;451.04534;14.55m;266000.00;9.00;0;example1.mzXML
403;331;450.96254;13.60m;264000.00;9.00;0;example1.mzXML
404;332;299.02993;16.28m;264000.00;10.80;0;example1.mzXML
405;333;395.94802;13.87m;263000.00;7.80;0;example1.mzXML
406;334;314.78394;16.17m;262000.00;18.60;0;example1.mzXML
407;335;364.72520;13.13m;259000.00;35.40;0;example1.mzXML
408;336;572.18174;13.49m;258000.00;7.20;0;example1.mzXML
409;337;212.50696;14.80m;257000.00;13.80;0;example1.mzXML
410;338;239.12832;18.17m;257000.00;15.00;0;example1.mzXML
411;339;394.06441;13.14m;257000.00;19.20;0;example1.mzXML
412;340;289.04274;13.67m;256000.00;9.00;0;example1.mzXML
413;341;553.99694;15.13m;255000.00;17.40;0;example1.mzXML
414;342;293.04612;13.73m;255000.00;6.60;0;example1.mzXML
415;343;267.03762;16.09m;255000.00;4.80;0;example1.mzXML
416;344;391.56974;15.48m;254000.00;6.60;0;example1.mzXML
417;345;212.89994;13.82m;253000.00;9.60;0;example1.mzXML
418;346;254.17547;19.96m;239000.00;17.40;1;example1.mzXML
419;346;255.17890;19.96m;239000.00;17.40;1;example1.mzXML
420;347;297.57765;15.68m;253000.00;4.80;0;example1.mzXML
421;348;285.97165;14.48m;252000.00;9.60;0;example1.mzXML
422;349;213.14930;20.05m;251000.00;16.20;0;example1.mzXML
423;350;277.92486;14.30m;250000.00;13.20;0;example1.mzXML
424;351;322.80581;13.72m;247000.00;7.80;0;example1.mzXML
425;352;227.13216;12.29m;245000.00;12.60;0;example1.mzXML
426;353;314.77144;13.65m;245000.00;16.80;0;example1.mzXML
427;354;314.78249;15.30m;245000.00;25.20;0;example1.mzXML
428;355;254.03102;16.58m;243000.00;7.20;0;example1.mzXML
429;356;362.04924;14.58m;243000.00;12.00;0;example1.mzXML
430;357;496.42066;13.03m;242000.00;36.60;0;example1.mzXML
431;358;474.00974;14.76m;242000.00;6.60;0;example1.mzXML
432;359;330.85040;13.60m;242000.00;9.00;0;example1.mzXML
433;360;625.13331;13.72m;241000.00;16.80;0;example1.mzXML
434;361;295.78366;16.18m;240000.00;3.60;0;example1.mzXML
435;362;276.84125;13.60m;239000.00;10.80;0;example1.mzXML
436;363;607.04596;14.78m;237000.00;6.00;0;example1.mzXML
437;364;253.14386;18.55m;224000.00;22.20;1;example1.mzXML
438;364;254.14731;18.55m;224000.00;22.20;1;example1.mzXML
439;365;344.03398;16.35m;237000.00;16.80;0;example1.mzXML
440;366;496.42116;14.73m;236000.00;25.80;0;example1.mzXML
441;367;600.03848;15.29m;234000.00;6.60;0;example1.mzXML
442;368;420.99622;12.98m;234000.00;16.20;0;example1.mzXML
443;369;318.51051;15.61m;234000.00;7.20;0;example1.mzXML
444;370;535.29606;16.22m;233000.00;26.40;0;example1.mzXML
445;371;601.02605;14.57m;233000.00;7.80;0;example1.mzXML
446;372;292.90351;13.65m;233000.00;12.00;0;example1.mzXML
447;373;347.03827;13.14m;232000.00;12.00;0;example1.mzXML
448;374;210.91363;13.88m;232000.00;16.20;0;example1.mzXML
449;375;420.05941;14.86m;232000.00;10.20;0;example1.mzXML
450;376;385.26937;19.18m;231000.00;30.00;0;example1.mzXML
451;377;260.72003;16.56m;230000.00;7.80;0;example1.mzXML
452;378;227.09205;15.80m;230000.00;17.40;0;example1.mzXML
453;379;231.12326;16.25m;230000.00;23.40;0;example1.mzXML
454;380;402.63817;14.00m;229000.00;13.20;0;example1.mzXML
455;381;537.98966;15.33m;228000.00;4.80;0;example1.mzXML
456;382;622.24141;13.18m;227000.00;16.80;0;example1.mzXML
457;383;221.08148;18.64m;227000.00;21.00;0;example1.mzXML
458;384;229.94044;17.26m;227000.00;15.60;0;example1.mzXML
459;385;244.99798;15.80m;226000.00;21.60;0;example1.mzXML
460;386;256.84547;12.83m;226000.00;28.80;0;example1.mzXML
461;387;412.96778;12.99m;224000.00;10.80;0;example1.mzXML
462;388;597.01242;14.76m;224000.00;6.00;0;example1.mzXML
463;389;434.00548;14.62m;223000.00;15.60;0;example1.mzXML
464;390;334.15080;15.74m;223000.00;8.40;0;example1.mzXML
465;391;630.17832;15.09m;222000.00;9.00;0;example1.mzXML
466;392;347.00175;13.56m;219000.00;6.60;0;example1.mzXML
467;393;212.97883;17.79m;218000.00;17.40;0;example1.mzXML
468;394;633.12440;13.51m;208000.00;7.20;1;example1.mzXML
469;394;634.12822;13.51m;208000.00;7.20;1;example1.mzXML
470;395;514.26396;17.86m;194000.00;7.80;1;example1.mzXML
471;395;515.26737;17.86m;194000.00;7.80;1;example1.mzXML
472;396;296.79010;16.15m;214000.00;9.00;0;example1.mzXML
473;397;578.07036;13.62m;213000.00;6.60;0;example1.mzXML
474;398;423.59176;16.68m;213000.00;7.20;0;example1.mzXML
475;399;221.11784;19.21m;203000.00;11.40;1;example1.mzXML
476;399;222.12124;19.21m;203000.00;11.40;1;example1.mzXML
477;400;396.74364;12.89m;211000.00;21.00;0;example1.mzXML
478;401;227.97889;17.37m;211000.00;15.00;0;example1.mzXML
479;402;496.44774;15.25m;209000.00;30.60;0;example1.mzXML
480;403;277.90709;17.88m;208000.00;24.60;0;example1.mzXML
481;404;436.03860;14.73m;207000.00;9.60;0;example1.mzXML
482;405;314.77065;14.34m;206000.00;31.80;0;example1.mzXML
483;406;295.98340;15.29m;206000.00;28.80;0;example1.mzXML
484;407;618.97546;12.91m;205000.00;13.80;0;example1.mzXML
485;408;243.15956;18.67m;202000.00;13.20;0;example1.mzXML
486;409;272.81929;12.94m;201000.00;31.80;0;example1.mzXML
487;410;225.42714;16.18m;199000.00;6.00;0;example1.mzXML
488;411;364.73387;13.69m;199000.00;34.80;0;example1.mzXML
489;412;535.33190;13.65m;198000.00;21.60;0;example1.mzXML
490;413;411.04784;15.27m;198000.00;18.00;0;example1.mzXML
491;414;500.19674;12.69m;198000.00;7.80;0;example1.mzXML
492;415;294.87068;12.65m;197000.00;34.80;0;example1.mzXML
493;416;549.13024;16.09m;24100.00;4.20;2;example1.mzXML
494;416;549.63119;16.09m;24100.00;4.20;2;example1.mzXML
495;417;409.81509;15.66m;197000.00;7.80;0;example1.mzXML
496;418;606.65235;15.69m;196000.00;6.00;0;example1.mzXML
497;419;463.97612;14.76m;196000.00;6.60;0;example1.mzXML
498;420;356.99119;13.60m;196000.00;12.00;0;example1.mzXML
499;421;342.95130;13.08m;182000.00;7.20;1;example1.mzXML
500;421;343.95209;13.08m;182000.00;7.20;1;example1.mzXML
501;422;443.16958;19.18m;176000.00;9.00;1;example1.mzXML
502;422;444.17286;19.18m;176000.00;9.00;1;example1.mzXML
503;423;325.60035;16.15m;176000.00;6.00;2;example1.mzXML
504;423;326.10218;16.15m;176000.00;6.00;2;example1.mzXML
505;424;496.44754;15.68m;195000.00;22.20;0;example1.mzXML
506;425;510.00034;14.58m;193000.00;9.00;0;example1.mzXML
507;426;591.99610;14.57m;193000.00;7.20;0;example1.mzXML
508;427;528.96762;15.29m;193000.00;28.20;0;example1.mzXML
509;428;451.04582;15.13m;192000.00;21.00;0;example1.mzXML
510;429;253.01102;14.63m;191000.00;7.20;0;example1.mzXML
511;430;467.10840;12.67m;191000.00;13.80;0;example1.mzXML
512;431;242.84950;13.78m;191000.00;9.00;0;example1.mzXML
513;432;217.10770;14.91m;189000.00;25.80;0;example1.mzXML
514;433;245.93530;16.72m;189000.00;12.00;0;example1.mzXML
515;434;331.08088;13.46m;187000.00;17.40;0;example1.mzXML
516;435;273.15595;14.28m;179000.00;9.00;1;example1.mzXML
517;435;274.15920;14.28m;179000.00;9.00;1;example1.mzXML
518;436;543.96318;15.09m;185000.00;12.00;0;example1.mzXML
519;437;364.71717;13.62m;185000.00;34.80;0;example1.mzXML
520;438;254.14725;19.82m;184000.00;12.00;0;example1.mzXML
521;439;500.96986;14.62m;184000.00;7.80;0;example1.mzXML
522;440;261.13358;15.66m;184000.00;23.40;0;example1.mzXML
523;441;229.95815;15.68m;184000.00;6.60;0;example1.mzXML
524;442;626.71926;15.68m;184000.00;8.40;0;example1.mzXML
525;443;315.14394;19.73m;184000.00;15.60;0;example1.mzXML
526;444;359.94606;12.83m;183000.00;11.40;0;example1.mzXML
527;445;281.05895;13.97m;180000.00;7.80;0;example1.mzXML
528;446;554.12100;13.49m;165000.00;7.20;1;example1.mzXML
529;446;555.12476;13.49m;165000.00;7.20;1;example1.mzXML
530;447;272.37770;16.92m;179000.00;23.40;0;example1.mzXML
531;448;245.93531;16.35m;179000.00;13.80;0;example1.mzXML
532;449;323.93010;15.63m;178000.00;25.20;0;example1.mzXML
533;450;433.06222;16.15m;177000.00;7.80;0;example1.mzXML
534;451;314.76242;18.19m;177000.00;31.20;0;example1.mzXML
535;452;217.14417;18.28m;168000.00;12.60;1;example1.mzXML
536;452;218.14753;18.28m;168000.00;12.60;1;example1.mzXML
537;453;362.04915;13.14m;176000.00;16.20;0;example1.mzXML
538;454;209.97725;14.46m;176000.00;8.40;0;example1.mzXML
539;455;438.05823;15.35m;175000.00;24.00;0;example1.mzXML
540;456;236.17816;20.00m;174000.00;18.60;0;example1.mzXML
541;457;240.15992;18.95m;173000.00;19.80;0;example1.mzXML
542;458;635.20799;15.69m;172000.00;4.80;0;example1.mzXML
543;459;410.02473;14.86m;172000.00;9.00;0;example1.mzXML
544;460;496.44587;12.93m;171000.00;29.40;0;example1.mzXML
545;461;268.49123;15.37m;171000.00;6.60;0;example1.mzXML
546;462;213.05539;19.67m;170000.00;16.20;0;example1.mzXML
547;463;232.90172;12.10m;170000.00;22.20;0;example1.mzXML
548;464;265.50396;15.16m;169000.00;4.80;0;example1.mzXML
549;465;458.70269;15.48m;169000.00;7.80;0;example1.mzXML
550;466;364.71733;15.29m;169000.00;17.40;0;example1.mzXML
551;467;453.05156;13.57m;168000.00;6.60;0;example1.mzXML
552;468;426.00254;14.70m;167000.00;12.60;0;example1.mzXML
553;469;535.97913;14.78m;166000.00;9.00;0;example1.mzXML
554;470;390.93132;13.85m;166000.00;7.20;0;example1.mzXML
555;471;293.06780;15.27m;166000.00;27.00;0;example1.mzXML
556;472;272.17186;12.29m;166000.00;19.20;0;example1.mzXML
557;473;296.03225;15.01m;166000.00;12.00;0;example1.mzXML
558;474;264.05757;13.46m;165000.00;8.40;0;example1.mzXML
559;475;292.03545;16.33m;165000.00;12.60;0;example1.mzXML
560;476;257.04481;16.05m;152000.00;7.20;1;example1.mzXML
561;476;258.04803;16.05m;152000.00;7.20;1;example1.mzXML
562;477;287.19672;17.00m;164000.00;18.60;0;example1.mzXML
563;478;347.05779;14.75m;164000.00;9.00;0;example1.mzXML
564;479;531.90725;13.09m;145000.00;7.20;1;example1.mzXML
565;479;532.90781;13.09m;145000.00;7.20;1;example1.mzXML
566;480;391.07748;15.61m;163000.00;6.00;0;example1.mzXML
567;481;229.01130;12.81m;162000.00;20.40;0;example1.mzXML
568;482;571.93283;13.08m;161000.00;7.80;0;example1.mzXML
569;483;346.08420;13.23m;161000.00;11.40;0;example1.mzXML
570;484;236.12625;16.92m;159000.00;9.00;0;example1.mzXML
571;485;254.37908;15.68m;159000.00;6.60;0;example1.mzXML
572;486;226.06249;17.63m;158000.00;15.00;0;example1.mzXML
573;487;334.05946;14.07m;158000.00;17.40;0;example1.mzXML
574;488;449.04807;16.27m;158000.00;6.00;0;example1.mzXML
575;489;315.07860;13.18m;158000.00;20.40;0;example1.mzXML
576;490;364.73222;12.99m;158000.00;35.40;0;example1.mzXML
577;491;383.20624;19.94m;157000.00;16.20;0;example1.mzXML
578;492;255.12310;16.56m;157000.00;32.40;0;example1.mzXML
579;493;364.71810;14.75m;157000.00;24.60;0;example1.mzXML
580;494;287.01632;14.58m;156000.00;7.80;0;example1.mzXML
581;495;385.80170;15.64m;156000.00;4.80;0;example1.mzXML
582;496;516.04399;15.33m;155000.00;9.60;0;example1.mzXML
583;497;562.08274;13.59m;155000.00;13.80;0;example1.mzXML
584;498;569.98416;13.11m;154000.00;9.00;0;example1.mzXML
585;499;258.03761;13.47m;153000.00;8.40;0;example1.mzXML
586;500;598.01107;15.32m;153000.00;6.60;0;example1.mzXML
587;501;610.05703;14.02m;152000.00;9.00;0;example1.mzXML
588;502;443.16947;18.60m;133000.00;9.00;1;example1.mzXML
589;502;444.17266;18.60m;133000.00;9.00;1;example1.mzXML
590;503;246.13416;19.98m;152000.00;17.40;0;example1.mzXML
591;504;289.10314;13.51m;152000.00;6.00;0;example1.mzXML
592;505;520.91528;15.22m;151000.00;9.60;0;example1.mzXML
593;506;266.00931;14.63m;151000.00;9.00;0;example1.mzXML
594;507;457.25838;16.63m;150000.00;13.20;0;example1.mzXML
595;508;212.91045;12.69m;150000.00;10.20;0;example1.mzXML
596;509;624.99558;12.83m;150000.00;8.40;0;example1.mzXML
597;510;527.95586;15.32m;149000.00;3.60;0;example1.mzXML
598;511;605.91207;15.43m;149000.00;15.60;0;example1.mzXML
599;512;310.00708;14.81m;149000.00;9.00;0;example1.mzXML
600;513;529.94595;15.19m;149000.00;8.40;0;example1.mzXML
601;514;337.05398;13.23m;148000.00;9.00;0;example1.mzXML
602;515;386.03176;13.60m;148000.00;12.60;0;example1.mzXML
603;516;436.07383;14.75m;148000.00;9.60;0;example1.mzXML
604;517;259.95071;17.12m;148000.00;14.40;0;example1.mzXML
605;518;373.07962;13.03m;147000.00;13.80;0;example1.mzXML
606;519;282.52094;13.64m;147000.00;4.80;0;example1.mzXML
607;520;454.06445;13.52m;147000.00;4.80;0;example1.mzXML
608;521;321.05340;13.88m;147000.00;31.20;0;example1.mzXML
609;522;261.04847;16.87m;147000.00;26.40;0;example1.mzXML
610;523;293.91965;15.29m;147000.00;13.20;0;example1.mzXML
611;524;213.14928;19.38m;140000.00;16.80;1;example1.mzXML
612;524;214.15279;19.38m;140000.00;16.80;1;example1.mzXML
613;525;496.44950;16.17m;146000.00;24.60;0;example1.mzXML
614;526;349.41373;15.69m;146000.00;12.60;0;example1.mzXML
615;527;565.04594;15.58m;146000.00;30.60;0;example1.mzXML
616;528;255.15952;20.13m;145000.00;13.20;0;example1.mzXML
617;529;215.95919;16.22m;145000.00;19.80;0;example1.mzXML
618;530;255.03123;16.85m;145000.00;22.20;0;example1.mzXML
619;531;332.06779;13.14m;145000.00;21.00;0;example1.mzXML
620;532;534.01983;15.06m;145000.00;13.80;0;example1.mzXML
621;533;449.16806;14.41m;131000.00;9.00;1;example1.mzXML
622;533;450.17142;14.41m;131000.00;9.00;1;example1.mzXML
623;534;341.67506;18.15m;144000.00;18.00;0;example1.mzXML
624;535;520.01221;13.62m;144000.00;6.60;0;example1.mzXML
625;536;275.31257;16.07m;144000.00;6.60;0;example1.mzXML
626;537;226.88120;13.83m;143000.00;6.00;0;example1.mzXML
627;538;590.02072;15.13m;142000.00;9.00;0;example1.mzXML
628;539;245.13884;18.01m;142000.00;17.40;0;example1.mzXML
629;540;404.61329;15.46m;142000.00;7.80;0;example1.mzXML
630;541;515.99962;15.33m;142000.00;7.80;0;example1.mzXML
631;542;210.94548;13.73m;141000.00;23.40;0;example1.mzXML
632;543;353.06338;15.66m;141000.00;10.80;0;example1.mzXML
633;544;395.04463;14.55m;141000.00;6.00;0;example1.mzXML
634;545;525.94537;14.76m;140000.00;9.60;0;example1.mzXML
635;546;491.09448;15.17m;140000.00;6.60;0;example1.mzXML
636;547;225.00705;14.28m;140000.00;17.40;0;example1.mzXML
637;548;373.98717;14.48m;140000.00;6.60;0;example1.mzXML
638;549;515.99940;15.32m;140000.00;8.40;0;example1.mzXML
639;550;261.38590;16.87m;140000.00;14.40;0;example1.mzXML
640;551;535.32808;12.91m;139000.00;23.40;0;example1.mzXML
641;552;379.97106;13.85m;138000.00;6.00;0;example1.mzXML
642;553;312.18864;18.49m;138000.00;7.80;0;example1.mzXML
643;554;306.06539;13.51m;138000.00;7.20;0;example1.mzXML
644;555;535.29291;13.98m;137000.00;26.40;0;example1.mzXML
645;556;207.01176;17.30m;137000.00;8.40;0;example1.mzXML
646;557;615.72840;16.20m;137000.00;6.60;0;example1.mzXML
647;558;551.06843;16.27m;111000.00;4.80;2;example1.mzXML
648;558;551.57014;16.27m;111000.00;4.80;2;example1.mzXML
649;559;424.97527;14.57m;137000.00;7.80;0;example1.mzXML
650;560;377.41088;16.25m;137000.00;9.60;0;example1.mzXML
651;561;300.14004;13.51m;137000.00;7.20;0;example1.mzXML
652;562;496.41059;13.56m;137000.00;33.60;0;example1.mzXML
653;563;438.55676;16.35m;137000.00;6.60;0;example1.mzXML
654;564;412.84270;13.67m;136000.00;7.80;0;example1.mzXML
655;565;208.09533;14.05m;136000.00;7.20;0;example1.mzXML
656;566;240.84879;13.73m;136000.00;7.80;0;example1.mzXML
657;567;390.87146;13.60m;135000.00;9.60;0;example1.mzXML
658;568;554.01836;13.60m;134000.00;9.00;0;example1.mzXML
659;569;224.06896;14.05m;134000.00;14.40;0;example1.mzXML
660;570;428.13671;15.97m;134000.00;7.80;0;example1.mzXML
661;571;509.01646;14.53m;133000.00;9.00;0;example1.mzXML
662;572;293.07236;13.67m;133000.00;33.00;0;example1.mzXML
663;573;286.02288;13.73m;133000.00;10.80;0;example1.mzXML
664;574;303.03398;13.67m;133000.00;4.80;0;example1.mzXML
665;575;320.80521;13.72m;133000.00;6.00;0;example1.mzXML
666;576;516.03586;15.38m;133000.00;6.60;0;example1.mzXML
667;577;305.46605;15.51m;132000.00;6.00;0;example1.mzXML
668;578;473.00781;13.09m;123000.00;7.20;1;example1.mzXML
669;578;474.00706;13.09m;123000.00;7.20;1;example1.mzXML
670;579;600.04203;14.55m;132000.00;4.80;0;example1.mzXML
671;580;274.03724;13.67m;132000.00;6.60;0;example1.mzXML
672;581;225.95101;14.48m;131000.00;8.40;0;example1.mzXML
673;582;334.06153;13.18m;131000.00;9.00;0;example1.mzXML
674;583;494.03249;13.64m;130000.00;10.80;0;example1.mzXML
675;584;238.89107;15.13m;130000.00;6.60;0;example1.mzXML
676;585;357.08486;13.52m;130000.00;14.40;0;example1.mzXML
677;586;295.98339;14.71m;130000.00;13.80;0;example1.mzXML
678;587;332.19256;12.29m;120000.00;10.20;1;example1.mzXML
679;587;333.19574;12.29m;120000.00;10.20;1;example1.mzXML
680;588;293.08876;13.72m;130000.00;32.40;0;example1.mzXML
681;589;512.98826;15.16m;129000.00;11.40;0;example1.mzXML
682;590;252.94723;12.67m;129000.00;25.80;0;example1.mzXML
683;591;289.09957;15.74m;129000.00;8.40;0;example1.mzXML
684;592;293.07257;15.69m;129000.00;22.80;0;example1.mzXML
685;593;229.94046;15.48m;129000.00;7.80;0;example1.mzXML
686;594;620.12140;13.67m;129000.00;9.60;0;example1.mzXML
687;595;515.99402;15.41m;127000.00;7.80;0;example1.mzXML
688;596;399.25969;16.80m;116000.00;8.40;1;example1.mzXML
689;596;400.26339;16.80m;116000.00;8.40;1;example1.mzXML
690;597;569.61228;16.12m;127000.00;6.60;0;example1.mzXML
691;598;436.04324;14.73m;127000.00;7.80;0;example1.mzXML
692;599;506.01404;15.33m;127000.00;11.40;0;example1.mzXML
693;600;314.78624;17.77m;126000.00;21.60;0;example1.mzXML
694;601;580.93623;15.22m;126000.00;6.60;0;example1.mzXML
695;602;551.01900;13.67m;126000.00;7.80;0;example1.mzXML
696;603;260.18595;17.88m;126000.00;24.60;0;example1.mzXML
697;604;362.97112;12.81m;126000.00;14.40;0;example1.mzXML
698;605;482.97995;15.21m;126000.00;7.80;0;example1.mzXML
699;606;259.12904;13.29m;126000.00;8.40;0;example1.mzXML
700;607;382.04484;16.90m;125000.00;6.00;0;example1.mzXML
701;608;411.06358;16.80m;125000.00;7.20;0;example1.mzXML
702;609;259.14033;12.91m;125000.00;7.80;0;example1.mzXML
703;610;522.00052;12.93m;125000.00;9.00;0;example1.mzXML
704;611;236.85096;13.77m;125000.00;9.00;0;example1.mzXML
705;612;328.04391;12.89m;124000.00;7.20;0;example1.mzXML
706;613;258.82666;13.85m;124000.00;7.20;0;example1.mzXML
707;614;393.30458;13.65m;123000.00;21.60;0;example1.mzXML
708;615;292.11690;13.13m;123000.00;16.80;0;example1.mzXML
709;616;358.09208;13.54m;123000.00;17.40;0;example1.mzXML
710;617;229.95806;16.17m;122000.00;11.40;0;example1.mzXML
711;618;370.14867;12.29m;122000.00;16.80;0;example1.mzXML
712;619;428.81655;13.64m;122000.00;7.80;0;example1.mzXML
713;620;294.53485;13.72m;122000.00;10.80;0;example1.mzXML
714;621;319.80622;13.72m;122000.00;4.80;0;example1.mzXML
715;622;205.15936;15.29m;121000.00;19.80;0;example1.mzXML
716;623;261.38620;16.31m;121000.00;4.80;0;example1.mzXML
717;624;296.19375;13.64m;121000.00;31.80;0;example1.mzXML
718;625;241.14394;18.84m;120000.00;15.60;0;example1.mzXML
719;626;339.59793;16.20m;120000.00;6.60;0;example1.mzXML
720;627;343.25907;19.40m;120000.00;31.80;0;example1.mzXML
721;628;294.82462;12.88m;120000.00;26.40;0;example1.mzXML
722;629;293.06850;16.18m;120000.00;24.60;0;example1.mzXML
723;630;432.55653;16.20m;120000.00;4.80;0;example1.mzXML
724;631;281.24758;13.75m;119000.00;36.00;0;example1.mzXML
725;632;596.07965;15.06m;119000.00;9.00;0;example1.mzXML
726;633;583.06496;12.71m;106000.00;8.40;1;example1.mzXML
727;633;584.06780;12.71m;106000.00;8.40;1;example1.mzXML
728;634;516.05002;15.37m;118000.00;8.40;0;example1.mzXML
729;635;505.96891;15.32m;118000.00;8.40;0;example1.mzXML
730;636;210.07439;17.44m;118000.00;28.20;0;example1.mzXML
731;637;589.96632;15.21m;118000.00;6.60;0;example1.mzXML
732;638;516.04598;15.32m;118000.00;7.80;0;example1.mzXML
733;639;515.97101;15.37m;117000.00;10.80;0;example1.mzXML
734;640;549.07528;13.98m;117000.00;7.80;0;example1.mzXML
735;641;332.04897;13.13m;87000.00;7.80;1;example1.mzXML
736;641;333.05777;13.13m;87000.00;7.80;1;example1.mzXML
737;642;347.99957;13.56m;116000.00;6.00;0;example1.mzXML
738;643;220.63560;16.27m;116000.00;32.40;0;example1.mzXML
739;644;634.70655;15.68m;116000.00;9.00;0;example1.mzXML
740;645;297.82841;15.66m;116000.00;7.80;0;example1.mzXML
741;646;215.03208;12.94m;115000.00;10.20;0;example1.mzXML
742;647;256.19497;19.62m;115000.00;8.40;0;example1.mzXML
743;648;510.05411;14.55m;115000.00;6.00;0;example1.mzXML
744;649;471.00419;13.09m;115000.00;7.20;0;example1.mzXML
745;650;220.05458;17.84m;115000.00;20.40;0;example1.mzXML
746;651;248.86147;13.83m;114000.00;7.80;0;example1.mzXML
747;652;316.09880;13.49m;114000.00;7.20;0;example1.mzXML
748;653;325.16474;18.20m;114000.00;12.60;0;example1.mzXML
749;654;506.00274;15.33m;114000.00;7.80;0;example1.mzXML
750;655;484.14309;12.69m;114000.00;7.80;0;example1.mzXML
751;656;325.16463;19.89m;114000.00;14.40;0;example1.mzXML
752;657;425.56704;16.28m;113000.00;4.80;0;example1.mzXML
753;658;631.01813;14.53m;113000.00;6.00;0;example1.mzXML
754;659;218.10287;12.31m;113000.00;10.20;0;example1.mzXML
755;660;407.99937;12.96m;113000.00;9.00;0;example1.mzXML
756;661;465.89139;12.79m;112000.00;10.20;0;example1.mzXML
757;662;316.80718;13.72m;112000.00;6.60;0;example1.mzXML
758;663;405.14179;14.00m;112000.00;8.40;0;example1.mzXML
759;664;314.76926;12.94m;112000.00;9.00;0;example1.mzXML
760;665;432.98233;13.13m;109000.00;7.80;1;example1.mzXML
761;665;433.98101;13.13m;109000.00;7.80;1;example1.mzXML
762;666;220.63651;13.62m;112000.00;36.60;0;example1.mzXML
763;667;226.14435;17.70m;112000.00;19.20;0;example1.mzXML
764;668;569.97083;15.09m;112000.00;13.80;0;example1.mzXML
765;669;267.04583;12.78m;112000.00;9.00;0;example1.mzXML
766;670;633.08462;14.30m;105000.00;9.60;1;example1.mzXML
767;670;634.08842;14.30m;105000.00;9.60;1;example1.mzXML
768;671;213.14923;18.77m;112000.00;18.60;0;example1.mzXML
769;672;243.02256;13.75m;111000.00;34.80;0;example1.mzXML
770;673;374.06081;15.06m;111000.00;7.80;0;example1.mzXML
771;674;374.95433;13.85m;111000.00;7.20;0;example1.mzXML
772;675;299.51548;15.30m;111000.00;6.60;0;example1.mzXML
773;676;239.12831;19.29m;110000.00;20.40;0;example1.mzXML
774;677;523.44128;16.85m;110000.00;4.20;0;example1.mzXML
775;678;390.01046;13.72m;110000.00;28.20;0;example1.mzXML
776;679;231.13444;14.32m;109000.00;6.60;0;example1.mzXML
777;680;294.03967;14.55m;109000.00;10.20;0;example1.mzXML
778;681;437.06003;14.73m;109000.00;6.60;0;example1.mzXML
779;682;239.84997;13.75m;109000.00;6.00;0;example1.mzXML
780;683;226.86137;14.32m;109000.00;9.00;0;example1.mzXML
781;684;634.06846;14.23m;109000.00;7.80;0;example1.mzXML
782;685;525.12588;15.63m;109000.00;7.80;0;example1.mzXML
783;686;353.05543;13.06m;109000.00;18.00;0;example1.mzXML
784;687;351.99590;13.56m;109000.00;4.80;0;example1.mzXML
785;688;578.08939;13.60m;108000.00;14.40;0;example1.mzXML
786;689;536.99866;15.33m;108000.00;10.80;0;example1.mzXML
787;690;257.00598;14.57m;108000.00;7.80;0;example1.mzXML
788;691;563.06628;13.95m;108000.00;11.40;0;example1.mzXML
789;692;515.97935;15.30m;107000.00;10.80;0;example1.mzXML
790;693;275.14917;16.82m;107000.00;25.20;0;example1.mzXML
791;694;436.08300;14.76m;106000.00;9.00;0;example1.mzXML
792;695;295.91532;14.52m;106000.00;21.00;0;example1.mzXML
793;696;323.02738;14.62m;106000.00;10.20;0;example1.mzXML
794;697;296.19390;14.67m;106000.00;24.60;0;example1.mzXML
795;698;213.11280;16.55m;106000.00;26.40;0;example1.mzXML
796;699;297.13342;17.68m;106000.00;13.80;0;example1.mzXML
797;700;277.90703;17.24m;105000.00;8.40;0;example1.mzXML
798;701;561.11155;14.10m;105000.00;22.80;0;example1.mzXML
799;702;414.02749;14.58m;105000.00;7.80;0;example1.mzXML
800;703;616.05760;15.08m;105000.00;7.20;0;example1.mzXML
801;704;257.13868;19.62m;105000.00;13.80;0;example1.mzXML
802;705;314.76413;18.66m;105000.00;22.20;0;example1.mzXML
803;706;367.41914;16.09m;105000.00;6.00;0;example1.mzXML
804;707;429.99210;12.98m;105000.00;10.80;0;example1.mzXML
805;708;231.12323;13.82m;104000.00;35.40;0;example1.mzXML
806;709;493.19433;14.73m;104000.00;7.80;0;example1.mzXML
807;710;441.30673;19.58m;104000.00;25.20;0;example1.mzXML
808;711;614.63943;15.68m;104000.00;4.80;0;example1.mzXML
809;712;423.07752;12.93m;104000.00;10.20;0;example1.mzXML
810;713;293.06153;13.69m;104000.00;27.60;0;example1.mzXML
811;714;318.80079;13.13m;104000.00;27.60;0;example1.mzXML
812;715;515.98805;15.35m;104000.00;6.60;0;example1.mzXML
813;716;238.07483;15.19m;103000.00;18.60;0;example1.mzXML
814;717;232.55084;15.46m;103000.00;6.00;0;example1.mzXML
815;718;309.16980;20.04m;103000.00;14.40;0;example1.mzXML
816;719;285.07368;15.03m;103000.00;10.20;0;example1.mzXML
817;720;343.17512;19.46m;102000.00;16.20;0;example1.mzXML
818;721;578.13597;13.60m;102000.00;9.60;0;example1.mzXML
819;722;426.03922;14.75m;102000.00;9.00;0;example1.mzXML
820;723;253.21660;15.35m;102000.00;15.60;0;example1.mzXML
821;724;265.18013;14.73m;102000.00;30.00;0;example1.mzXML
822;725;587.97734;15.33m;102000.00;4.80;0;example1.mzXML
823;726;567.99930;13.78m;101000.00;6.60;0;example1.mzXML
824;727;346.07472;14.21m;101000.00;9.60;0;example1.mzXML
825;728;314.78343;12.96m;101000.00;21.00;0;example1.mzXML
826;729;589.10747;13.98m;100000.00;12.00;0;example1.mzXML
827;730;370.01311;13.14m;100000.00;7.20;0;example1.mzXML
828;731;216.92796;12.10m;99400.00;23.40;0;example1.mzXML
829;732;448.99922;14.60m;99300.00;21.60;0;example1.mzXML
830;733;539.99198;14.57m;99100.00;9.00;0;example1.mzXML
831;734;443.05611;12.96m;99000.00;18.00;0;example1.mzXML
832;735;348.07460;15.08m;98900.00;6.00;0;example1.mzXML
833;736;267.01399;13.70m;98700.00;7.80;0;example1.mzXML
834;737;323.02716;15.17m;98700.00;6.60;0;example1.mzXML
835;738;579.02559;15.51m;98600.00;4.80;0;example1.mzXML
836;739;217.52371;15.33m;98400.00;4.80;0;example1.mzXML
837;740;369.02916;13.03m;98300.00;19.80;0;example1.mzXML
838;741;576.09139;13.13m;98000.00;6.00;0;example1.mzXML
839;742;274.31165;16.12m;97700.00;6.60;0;example1.mzXML
840;743;259.11785;17.44m;97400.00;29.40;0;example1.mzXML
841;744;516.05310;15.32m;97200.00;6.60;0;example1.mzXML
842;745;338.64403;16.15m;97000.00;3.60;0;example1.mzXML
843;746;220.63635;12.96m;96600.00;35.40;0;example1.mzXML
844;747;529.95861;13.13m;96600.00;7.80;0;example1.mzXML
845;748;328.89439;13.80m;96500.00;7.80;0;example1.mzXML
846;749;326.13638;18.28m;90200.00;7.20;1;example1.mzXML
847;749;327.13977;18.28m;90200.00;7.20;1;example1.mzXML
848;750;393.27634;13.73m;96000.00;27.60;0;example1.mzXML
849;751;431.04619;15.77m;95900.00;24.00;0;example1.mzXML
850;752;221.10424;19.89m;95800.00;7.80;0;example1.mzXML
851;753;287.22175;13.77m;95700.00;28.80;0;example1.mzXML
852;754;372.98794;14.68m;95400.00;26.40;0;example1.mzXML
853;755;411.15209;15.66m;95300.00;3.60;0;example1.mzXML
854;756;389.02469;15.92m;95200.00;7.20;0;example1.mzXML
855;757;458.00631;13.03m;94800.00;26.40;0;example1.mzXML
856;758;556.08405;12.84m;94700.00;7.80;0;example1.mzXML
857;759;225.11274;17.14m;94200.00;30.00;0;example1.mzXML
858;760;324.80786;13.72m;93900.00;7.80;0;example1.mzXML
859;761;269.13870;20.20m;93800.00;5.40;0;example1.mzXML
860;762;550.02520;14.55m;93600.00;7.80;0;example1.mzXML
861;763;559.98180;15.35m;93600.00;13.20;0;example1.mzXML
862;764;644.11826;13.95m;93300.00;30.60;0;example1.mzXML
863;765;251.12818;17.56m;93300.00;13.80;0;example1.mzXML
864;766;597.12279;12.99m;93300.00;9.00;0;example1.mzXML
865;767;355.07010;15.68m;93200.00;9.60;0;example1.mzXML
866;768;213.05789;16.18m;92900.00;4.80;0;example1.mzXML
867;769;294.85173;13.62m;92900.00;9.60;0;example1.mzXML
868;770;446.08290;13.73m;92800.00;10.80;0;example1.mzXML
869;771;244.98963;15.19m;92700.00;13.20;0;example1.mzXML
870;772;604.06768;13.70m;92100.00;10.80;0;example1.mzXML
871;773;645.11053;13.72m;91900.00;21.00;0;example1.mzXML
872;774;443.16958;19.94m;91400.00;15.00;0;example1.mzXML
873;775;295.05207;12.86m;91400.00;7.80;0;example1.mzXML
874;776;505.95524;15.33m;91100.00;8.40;0;example1.mzXML
875;777;456.05058;13.57m;91000.00;9.00;0;example1.mzXML
876;778;272.15461;19.98m;91000.00;8.40;0;example1.mzXML
877;779;616.20825;15.68m;90900.00;7.80;0;example1.mzXML
878;780;359.95033;12.88m;73900.00;9.00;1;example1.mzXML
879;780;360.94784;12.88m;73900.00;9.00;1;example1.mzXML
880;781;453.06485;15.46m;90500.00;9.60;0;example1.mzXML
881;782;599.62280;16.07m;90300.00;6.00;0;example1.mzXML
882;783;528.97490;13.06m;90300.00;6.00;0;example1.mzXML
883;784;211.09725;17.58m;90300.00;12.60;0;example1.mzXML
884;785;503.60201;15.25m;90200.00;6.00;0;example1.mzXML
885;786;624.13593;13.75m;90200.00;12.00;0;example1.mzXML
886;787;284.18578;17.81m;90200.00;31.80;0;example1.mzXML
887;788;639.03242;15.59m;90100.00;7.20;0;example1.mzXML
888;789;225.14913;18.97m;90100.00;14.40;0;example1.mzXML
889;790;321.04808;13.44m;90000.00;9.60;0;example1.mzXML
890;791;440.94891;14.65m;89900.00;7.80;0;example1.mzXML
891;792;607.15442;15.68m;89800.00;4.80;0;example1.mzXML
892;793;269.13867;17.65m;89300.00;16.80;0;example1.mzXML
893;794;287.91995;14.48m;89300.00;11.40;0;example1.mzXML
894;795;459.16441;19.58m;89300.00;18.60;0;example1.mzXML
895;796;430.02443;13.56m;89200.00;7.80;0;example1.mzXML
896;797;615.14075;15.68m;89000.00;10.80;0;example1.mzXML
897;798;314.74768;14.75m;88900.00;6.00;0;example1.mzXML
898;799;261.02580;12.83m;88800.00;8.40;0;example1.mzXML
899;800;308.88047;13.75m;88700.00;7.20;0;example1.mzXML
900;801;569.05354;13.97m;88700.00;7.80;0;example1.mzXML
901;802;213.96328;13.38m;88600.00;9.60;0;example1.mzXML
902;803;248.85994;13.82m;88500.00;9.00;0;example1.mzXML
903;804;436.03137;14.78m;88400.00;6.00;0;example1.mzXML
904;805;316.52884;14.86m;88100.00;4.20;0;example1.mzXML
905;806;399.28492;20.20m;78900.00;7.80;1;example1.mzXML
906;806;400.28815;20.20m;78900.00;7.80;1;example1.mzXML
907;807;454.05820;14.63m;87900.00;19.20;0;example1.mzXML
908;808;608.07748;13.73m;87800.00;6.60;0;example1.mzXML
909;809;604.03599;14.76m;87700.00;4.80;0;example1.mzXML
910;810;458.16473;12.42m;80500.00;9.00;1;example1.mzXML
911;810;459.16820;12.42m;80500.00;9.00;1;example1.mzXML
912;811;536.07860;16.10m;67800.00;6.00;2;example1.mzXML
913;811;536.58179;16.10m;67800.00;6.00;2;example1.mzXML
914;812;466.10841;15.46m;87000.00;3.60;0;example1.mzXML
915;813;325.05343;14.58m;86900.00;6.00;0;example1.mzXML
916;814;298.50159;15.35m;86600.00;6.00;0;example1.mzXML
917;815;315.18029;18.90m;86600.00;10.80;0;example1.mzXML
918;816;332.06533;13.14m;79900.00;10.80;1;example1.mzXML
919;816;333.06384;13.14m;79900.00;10.80;1;example1.mzXML
920;817;494.01242;14.73m;86300.00;7.80;0;example1.mzXML
921;818;505.99962;15.35m;86100.00;8.40;0;example1.mzXML
922;819;309.13340;19.12m;79500.00;12.60;1;example1.mzXML
923;819;310.13660;19.12m;79500.00;12.60;1;example1.mzXML
924;820;237.11254;13.93m;85900.00;36.00;0;example1.mzXML
925;821;436.07584;14.73m;85800.00;6.60;0;example1.mzXML
926;822;372.98752;13.60m;85500.00;25.80;0;example1.mzXML
927;823;266.11567;18.26m;85300.00;9.60;0;example1.mzXML
928;824;514.01334;15.32m;85300.00;9.60;0;example1.mzXML
929;825;314.78260;17.51m;85300.00;10.80;0;example1.mzXML
930;826;459.87073;12.86m;85100.00;11.40;0;example1.mzXML
931;827;625.05665;14.70m;85000.00;6.00;0;example1.mzXML
932;828;227.01424;13.83m;84900.00;31.20;0;example1.mzXML
933;829;259.19056;14.60m;84900.00;37.20;0;example1.mzXML
934;830;237.07628;15.69m;84700.00;4.80;0;example1.mzXML
935;831;371.25386;18.10m;79500.00;8.40;1;example1.mzXML
936;831;372.25756;18.10m;79500.00;8.40;1;example1.mzXML
937;832;625.27241;15.64m;84300.00;9.00;0;example1.mzXML
938;833;257.13872;20.05m;84200.00;21.00;0;example1.mzXML
939;834;301.01819;12.78m;84100.00;12.00;0;example1.mzXML
940;835;382.10055;14.68m;84000.00;21.00;0;example1.mzXML
941;836;310.20134;19.33m;83800.00;15.60;0;example1.mzXML
942;837;537.22009;15.08m;83800.00;6.00;0;example1.mzXML
943;838;333.04985;15.40m;83700.00;4.80;0;example1.mzXML
944;839;220.04881;12.99m;83700.00;10.20;0;example1.mzXML
945;840;270.25104;13.77m;83400.00;25.20;0;example1.mzXML
946;841;577.07814;13.62m;83300.00;4.20;0;example1.mzXML
947;842;226.14452;19.63m;83300.00;12.00;0;example1.mzXML
948;843;241.14400;20.14m;83100.00;21.60;0;example1.mzXML
949;844;616.24659;15.69m;83100.00;4.80;0;example1.mzXML
950;845;312.12068;16.92m;83000.00;7.20;0;example1.mzXML
951;846;314.75113;20.00m;82800.00;24.00;0;example1.mzXML
952;847;362.04920;13.88m;82800.00;10.20;0;example1.mzXML
953;848;307.11038;15.68m;82700.00;4.80;0;example1.mzXML
954;849;474.03061;14.58m;82500.00;10.20;0;example1.mzXML
955;850;252.48359;15.41m;82400.00;12.60;0;example1.mzXML
956;851;431.99864;13.01m;68600.00;4.80;1;example1.mzXML
957;851;432.99863;13.01m;68600.00;4.80;1;example1.mzXML
958;852;278.80862;12.93m;82100.00;23.40;0;example1.mzXML
959;853;229.94042;16.68m;81900.00;6.00;0;example1.mzXML
960;854;628.11754;13.97m;81800.00;4.80;0;example1.mzXML
961;855;259.11789;13.98m;81400.00;31.80;0;example1.mzXML
962;856;244.85147;13.78m;81300.00;9.00;0;example1.mzXML
963;857;367.13874;13.56m;81300.00;6.00;0;example1.mzXML
964;858;566.11836;16.23m;81200.00;4.80;0;example1.mzXML
965;859;602.91325;12.91m;81000.00;7.80;0;example1.mzXML
966;860;452.95942;13.60m;80900.00;4.80;0;example1.mzXML
967;861;437.05610;15.33m;80600.00;10.80;0;example1.mzXML
968;862;484.96369;15.22m;80400.00;6.00;0;example1.mzXML
969;863;454.95809;13.64m;79900.00;9.00;0;example1.mzXML
970;864;288.04862;13.14m;79900.00;13.20;0;example1.mzXML
971;865;493.99403;15.21m;79800.00;3.60;0;example1.mzXML
972;866;619.95839;15.08m;79500.00;9.00;0;example1.mzXML
973;867;335.52423;13.65m;79400.00;9.60;0;example1.mzXML
974;868;541.68099;15.63m;79400.00;6.00;0;example1.mzXML
975;869;361.11957;15.71m;79300.00;6.00;0;example1.mzXML
976;870;511.10668;15.16m;79300.00;6.60;0;example1.mzXML
977;871;624.06735;14.89m;79200.00;9.00;0;example1.mzXML
978;872;399.97249;12.99m;79200.00;7.80;0;example1.mzXML
979;873;451.85092;13.88m;78900.00;27.00;0;example1.mzXML
980;874;405.07854;15.89m;78800.00;6.00;0;example1.mzXML
981;875;435.11780;12.93m;78800.00;10.20;0;example1.mzXML
982;876;475.15926;18.75m;78500.00;28.80;0;example1.mzXML
983;877;326.89190;13.75m;78300.00;6.00;0;example1.mzXML
984;878;545.24019;15.77m;78100.00;6.60;0;example1.mzXML
985;879;546.07354;16.09m;78000.00;7.80;0;example1.mzXML
986;880;293.08734;15.27m;78000.00;10.80;0;example1.mzXML
987;881;318.80555;13.72m;77900.00;7.80;0;example1.mzXML
988;882;384.20960;19.65m;77800.00;31.80;0;example1.mzXML
989;883;339.04442;15.11m;77800.00;7.80;0;example1.mzXML
990;884;225.06148;13.78m;77800.00;23.40;0;example1.mzXML
991;885;436.01378;14.78m;77700.00;9.60;0;example1.mzXML
992;886;629.20300;13.49m;77600.00;6.00;0;example1.mzXML
993;887;229.95813;15.29m;77500.00;3.60;0;example1.mzXML
994;888;282.17018;17.77m;77500.00;16.20;0;example1.mzXML
995;889;427.29098;18.55m;77200.00;28.80;0;example1.mzXML
996;890;314.77199;16.92m;77000.00;4.20;0;example1.mzXML
997;891;296.45559;16.18m;77000.00;6.00;0;example1.mzXML
998;892;269.13868;19.19m;76900.00;20.40;0;example1.mzXML
999;893;227.04438;15.66m;76800.00;6.60;0;example1.mzXML
